レースID,券種,組番,払戻金
202301,単勝,3,450円
202301,複勝,3,180円
202301,複勝,2,360円
202301,複勝,5,180円
202301,枠連,1-2,910円
202301,馬連,2-3,"3,690円"
202301,馬単,3-2,"6,320円"
202301,ワイド,2-3,"1,270円"
202301,ワイド,3-5,580円
202301,ワイド,2-5,"1,420円"
202301,3連複,2-3-5,"8,170円"
202301,3連単,3-2-5,"44,340円"
202302,単勝,1,140円
202302,複勝,1,110円
202302,複勝,13,170円
202302,複勝,10,180円
202302,枠連,1-8,190円
202302,馬連,1-13,480円
202302,馬単,1-13,590円
202302,ワイド,1-13,240円
202302,ワイド,1-10,320円
202302,ワイド,10-13,760円
202302,3連複,1-10-13,"1,390円"
202302,3連単,1-13-10,"3,120円"
202303,単勝,6,180円
202303,複勝,6,110円
202303,複勝,2,120円
202303,複勝,15,130円
202303,枠連,1-3,290円
202303,馬連,2-6,300円
202303,馬単,6-2,610円
202303,ワイド,2-6,190円
202303,ワイド,6-15,220円
202303,ワイド,2-15,400円
202303,3連複,2-6-15,600円
202303,3連単,6-2-15,"1,760円"
202304,単勝,4,650円
202304,複勝,4,200円
202304,複勝,13,140円
202304,複勝,8,150円
202304,枠連,2-7,"1,370円"
202304,馬連,4-13,"1,450円"
202304,馬単,4-13,"3,010円"
202304,ワイド,4-13,520円
202304,ワイド,4-8,640円
202304,ワイド,8-13,290円
202304,3連複,4-8-13,"2,060円"
202304,3連単,4-13-8,"12,250円"
202305,単勝,4,380円
202305,複勝,4,170円
202305,複勝,6,560円
202305,複勝,13,170円
202305,枠連,2-3,"3,380円"
202305,馬連,4-6,"6,810円"
202305,馬単,4-6,"9,270円"
202305,ワイド,4-6,"1,720円"
202305,ワイド,4-13,350円
202305,ワイド,6-13,"1,770円"
202305,3連複,4-6-13,"7,780円"
202305,3連単,4-6-13,"55,620円"
202306,単勝,9,200円
202306,複勝,9,110円
202306,複勝,7,140円
202306,複勝,4,490円
202306,枠連,6-7,290円
202306,馬連,7-9,370円
202306,馬単,9-7,620円
202306,ワイド,7-9,190円
202306,ワイド,4-9,910円
202306,ワイド,4-7,"1,670円"
202306,3連複,4-7-9,"3,070円"
202306,3連単,9-7-4,"8,610円"
202307,単勝,3,710円
202307,複勝,3,270円
202307,複勝,1,540円
202307,複勝,16,330円
202307,枠連,1-2,"2,040円"
202307,馬連,1-3,"6,670円"
202307,馬単,3-1,"12,230円"
202307,ワイド,1-3,"1,610円"
202307,ワイド,3-16,840円
202307,ワイド,1-16,"2,760円"
202307,3連複,1-3-16,"15,780円"
202307,3連単,3-1-16,"83,200円"
202308,単勝,2,460円
202308,複勝,2,190円
202308,複勝,5,300円
202308,複勝,3,220円
202308,枠連,1-3,"1,780円"
202308,馬連,2-5,"2,510円"
202308,馬単,2-5,"4,820円"
202308,ワイド,2-5,"1,100円"
202308,ワイド,2-3,630円
202308,ワイド,3-5,"1,380円"
202308,3連複,2-3-5,"4,790円"
202308,3連単,2-5-3,"23,960円"
202309,単勝,12,760円
202309,複勝,12,280円
202309,複勝,9,440円
202309,複勝,3,570円
202309,枠連,5-6,"2,750円"
202309,馬連,9-12,"5,860円"
202309,馬単,12-9,"11,100円"
202309,ワイド,9-12,"1,920円"
202309,ワイド,3-12,"2,070円"
202309,ワイド,3-9,"4,400円"
202309,3連複,3-9-12,"38,920円"
202309,3連単,12-9-3,"226,970円"
202310,単勝,11,440円
202310,複勝,11,140円
202310,複勝,10,200円
202310,複勝,9,170円
202310,枠連,8-8,"1,340円"
202310,馬連,10-11,"1,330円"
202310,馬単,11-10,"2,650円"
202310,ワイド,10-11,500円
202310,ワイド,9-11,430円
202310,ワイド,9-10,"1,010円"
202310,3連複,9-10-11,"2,660円"
202310,3連単,11-10-9,"13,390円"
202311,単勝,12,360円
202311,複勝,12,180円
202311,複勝,10,190円
202311,複勝,5,390円
202311,枠連,5-6,"1,200円"
202311,馬連,10-12,"1,770円"
202311,馬単,12-10,"2,650円"
202311,ワイド,10-12,710円
202311,ワイド,5-12,"1,070円"
202311,ワイド,5-10,"1,530円"
202311,3連複,5-10-12,"7,800円"
202311,3連単,12-10-5,"30,410円"
202312,単勝,12,"1,710円"
202312,複勝,12,550円
202312,複勝,1,340円
202312,複勝,11,210円
202312,枠連,1-7,"11,840円"
202312,馬連,1-12,"11,910円"
202312,馬単,12-1,"20,490円"
202312,ワイド,1-12,"3,210円"
202312,ワイド,11-12,"1,830円"
202312,ワイド,1-11,790円
202312,3連複,1-11-12,"17,410円"
202312,3連単,12-1-11,"110,200円"
202313,単勝,1,570円
202313,複勝,1,180円
202313,複勝,4,260円
202313,複勝,3,170円
202313,枠連,1-4,"1,300円"
202313,馬連,1-4,"2,220円"
202313,馬単,1-4,"4,290円"
202313,ワイド,1-4,830円
202313,ワイド,1-3,510円
202313,ワイド,3-4,830円
202313,3連複,1-3-4,"3,460円"
202313,3連単,1-4-3,"21,670円"
202314,単勝,10,"4,600円"
202314,複勝,10,"1,060円"
202314,複勝,9,520円
202314,複勝,3,440円
202314,枠連,7-8,"3,860円"
202314,馬連,9-10,"16,020円"
202314,馬単,10-9,"54,250円"
202314,ワイド,9-10,"2,850円"
202314,ワイド,3-10,"3,160円"
202314,ワイド,3-9,"1,550円"
202314,3連複,3-9-10,"38,180円"
202314,3連単,10-9-3,"463,920円"
202315,単勝,8,"8,090円"
202315,複勝,8,"1,430円"
202315,複勝,7,290円
202315,複勝,6,570円
202315,枠連,4-4,"18,360円"
202315,馬連,7-8,"17,180円"
202315,馬単,8-7,"53,020円"
202315,ワイド,7-8,"3,050円"
202315,ワイド,6-8,"6,030円"
202315,ワイド,6-7,"1,320円"
202315,3連複,6-7-8,"59,340円"
202315,3連単,8-7-6,"580,520円"
202316,単勝,1,"1,130円"
202316,複勝,1,220円
202316,複勝,6,140円
202316,複勝,14,170円
202316,枠連,1-3,700円
202316,馬連,1-6,"1,260円"
202316,馬単,1-6,"3,050円"
202316,ワイド,1-6,460円
202316,ワイド,1-14,770円
202316,ワイド,6-14,240円
202316,3連複,1-6-14,"1,980円"
202316,3連単,1-6-14,"15,000円"
202317,単勝,13,"1,780円"
202317,複勝,13,410円
202317,複勝,11,160円
202317,複勝,12,360円
202317,枠連,6-7,"2,230円"
202317,馬連,11-13,"2,860円"
202317,馬単,13-11,"7,460円"
202317,ワイド,11-13,840円
202317,ワイド,12-13,"1,940円"
202317,ワイド,11-12,980円
202317,3連複,11-12-13,"9,510円"
202317,3連単,13-11-12,"76,070円"
202318,単勝,9,330円
202318,複勝,9,130円
202318,複勝,1,480円
202318,複勝,7,190円
202318,枠連,1-6,"3,580円"
202318,馬連,1-9,"4,460円"
202318,馬単,9-1,"6,860円"
202318,ワイド,1-9,"1,280円"
202318,ワイド,7-9,360円
202318,ワイド,1-7,"1,100円"
202318,3連複,1-7-9,"3,360円"
202318,3連単,9-1-7,"25,430円"
202319,単勝,1,350円
202319,複勝,1,170円
202319,複勝,2,"1,190円"
202319,複勝,13,190円
202319,枠連,1-1,"11,400円"
202319,馬連,1-2,"12,020円"
202319,馬単,1-2,"18,310円"
202319,ワイド,1-2,"2,670円"
202319,ワイド,1-13,500円
202319,ワイド,2-13,"6,710円"
202319,3連複,1-2-13,"24,420円"
202319,3連単,1-2-13,"143,160円"
202320,単勝,11,"4,080円"
202320,複勝,11,890円
202320,複勝,13,230円
202320,複勝,8,250円
202320,枠連,6-7,"3,950円"
202320,馬連,11-13,"9,350円"
202320,馬単,11-13,"17,920円"
202320,ワイド,11-13,"2,730円"
202320,ワイド,8-11,"3,590円"
202320,ワイド,8-13,920円
202320,3連複,8-11-13,"24,070円"
202320,3連単,11-13-8,"242,350円"
202321,単勝,6,530円
202321,複勝,6,210円
202321,複勝,2,150円
202321,複勝,16,250円
202321,枠連,1-3,"1,180円"
202321,馬連,2-6,"1,230円"
202321,馬単,6-2,"2,690円"
202321,ワイド,2-6,510円
202321,ワイド,6-16,"1,110円"
202321,ワイド,2-16,780円
202321,3連複,2-6-16,"3,990円"
202321,3連単,6-2-16,"18,750円"
202322,単勝,3,300円
202322,複勝,3,160円
202322,複勝,1,180円
202322,複勝,8,600円
202322,枠連,1-2,700円
202322,馬連,1-3,830円
202322,馬単,3-1,"1,330円"
202322,ワイド,1-3,390円
202322,ワイド,3-8,"1,630円"
202322,ワイド,1-8,"2,450円"
202322,3連複,1-3-8,"9,620円"
202322,3連単,3-1-8,"29,720円"
202323,単勝,1,850円
202323,複勝,1,220円
202323,複勝,12,140円
202323,複勝,3,150円
202323,枠連,1-8,"1,130円"
202323,馬連,1-12,"1,700円"
202323,馬単,1-12,"4,060円"
202323,ワイド,1-12,600円
202323,ワイド,1-3,610円
202323,ワイド,3-12,330円
202323,3連複,1-3-12,"2,390円"
202323,3連単,1-12-3,"14,950円"
202324,単勝,10,340円
202324,複勝,10,140円
202324,複勝,4,150円
202324,複勝,2,170円
202324,枠連,4-7,630円
202324,馬連,4-10,700円
202324,馬単,10-4,"1,190円"
202324,ワイド,4-10,310円
202324,ワイド,2-10,470円
202324,ワイド,2-4,460円
202324,3連複,2-4-10,"1,360円"
202324,3連単,10-4-2,"5,820円"
202325,単勝,9,380円
202325,複勝,9,140円
202325,複勝,1,140円
202325,複勝,3,300円
202325,枠連,1-6,530円
202325,馬連,1-9,640円
202325,馬単,9-1,"1,420円"
202325,ワイド,1-9,290円
202325,ワイド,3-9,790円
202325,ワイド,1-3,770円
202325,3連複,1-3-9,"2,520円"
202325,3連単,9-1-3,"10,510円"
202326,単勝,4,530円
202326,複勝,4,180円
202326,複勝,6,190円
202326,複勝,1,140円
202326,枠連,2-3,"2,450円"
202326,馬連,4-6,"2,200円"
202326,馬単,4-6,"4,000円"
202326,ワイド,4-6,670円
202326,ワイド,1-4,390円
202326,ワイド,1-6,480円
202326,3連複,1-4-6,"1,470円"
202326,3連単,4-6-1,"10,670円"
202327,単勝,8,"1,120円"
202327,複勝,8,380円
202327,複勝,4,210円
202327,複勝,2,710円
202327,枠連,3-5,840円
202327,馬連,4-8,"2,560円"
202327,馬単,8-4,"5,940円"
202327,ワイド,4-8,"1,020円"
202327,ワイド,2-8,"3,250円"
202327,ワイド,2-4,"1,610円"
202327,3連複,2-4-8,"19,200円"
202327,3連単,8-4-2,"98,310円"
202328,単勝,12,600円
202328,複勝,12,140円
202328,複勝,2,110円
202328,複勝,3,120円
202328,枠連,1-6,440円
202328,馬連,2-12,490円
202328,馬単,12-2,"1,340円"
202328,ワイド,2-12,210円
202328,ワイド,3-12,370円
202328,ワイド,2-3,180円
202328,3連複,2-3-12,500円
202328,3連単,12-2-3,"3,980円"
202329,単勝,14,"18,630円"
202329,複勝,14,"3,730円"
202329,複勝,3,770円
202329,複勝,9,630円
202329,枠連,2-7,"4,690円"
202329,馬連,3-14,"202,460円"
202329,馬単,14-3,"471,060円"
202329,ワイド,3-14,"38,050円"
202329,ワイド,9-14,"34,530円"
202329,ワイド,3-9,"4,310円"
202329,3連複,3-9-14,"728,220円"
202329,3連単,14-3-9,"5,121,880円"
202330,単勝,3,690円
202330,複勝,3,270円
202330,複勝,11,220円
202330,複勝,14,710円
202330,枠連,2-6,750円
202330,馬連,3-11,"2,530円"
202330,馬単,3-11,"4,870円"
202330,ワイド,3-11,"1,080円"
202330,ワイド,3-14,"2,190円"
202330,ワイド,11-14,"2,570円"
202330,3連複,3-11-14,"18,240円"
202330,3連単,3-11-14,"79,880円"
202331,単勝,2,"1,030円"
202331,複勝,2,280円
202331,複勝,1,310円
202331,複勝,3,170円
202331,枠連,1-1,"4,200円"
202331,馬連,1-2,"4,220円"
202331,馬単,2-1,"10,030円"
202331,ワイド,1-2,"1,340円"
202331,ワイド,2-3,730円
202331,ワイド,1-3,"1,040円"
202331,3連複,1-2-3,"5,280円"
202331,3連単,2-1-3,"32,800円"
202332,単勝,10,210円
202332,複勝,10,130円
202332,複勝,3,180円
202332,複勝,11,770円
202332,枠連,3-8,610円
202332,馬連,3-10,610円
202332,馬単,10-3,880円
202332,ワイド,3-10,290円
202332,ワイド,10-11,"1,120円"
202332,ワイド,3-11,"2,720円"
202332,3連複,3-10-11,"6,470円"
202332,3連単,10-3-11,"19,630円"
202333,単勝,5,"2,490円"
202333,複勝,5,360円
202333,複勝,10,460円
202333,複勝,6,150円
202333,枠連,3-5,"2,710円"
202333,馬連,5-10,"17,330円"
202333,馬単,5-10,"43,070円"
202333,ワイド,5-10,"3,940円"
202333,ワイド,5-6,740円
202333,ワイド,6-10,"1,110円"
202333,3連複,5-6-10,"12,730円"
202333,3連単,5-10-6,"142,070円"
202334,単勝,6,590円
202334,複勝,6,220円
202334,複勝,1,210円
202334,複勝,3,520円
202334,枠連,1-4,"1,490円"
202334,馬連,1-6,"1,590円"
202334,馬単,6-1,"3,140円"
202334,ワイド,1-6,630円
202334,ワイド,3-6,"1,840円"
202334,ワイド,1-3,"2,140円"
202334,3連複,1-3-6,"10,180円"
202334,3連単,6-1-3,"44,270円"
202335,単勝,4,730円
202335,複勝,4,210円
202335,複勝,7,640円
202335,複勝,16,200円
202335,枠連,2-4,"3,870円"
202335,馬連,4-7,"9,080円"
202335,馬単,4-7,"17,010円"
202335,ワイド,4-7,"2,310円"
202335,ワイド,4-16,500円
202335,ワイド,7-16,"1,740円"
202335,3連複,4-7-16,"9,470円"
202335,3連単,4-7-16,"93,280円"
202336,単勝,11,"1,460円"
202336,複勝,11,310円
202336,複勝,4,120円
202336,複勝,12,280円
202336,枠連,4-8,680円
202336,馬連,4-11,"1,370円"
202336,馬単,11-4,"4,190円"
202336,ワイド,4-11,590円
202336,ワイド,11-12,"1,780円"
202336,ワイド,4-12,590円
202336,3連複,4-11-12,"4,870円"
202336,3連単,11-4-12,"34,200円"
202337,単勝,14,"3,580円"
202337,複勝,14,920円
202337,複勝,10,430円
202337,複勝,1,470円
202337,枠連,5-7,"7,540円"
202337,馬連,10-14,"21,140円"
202337,馬単,14-10,"48,190円"
202337,ワイド,10-14,"6,640円"
202337,ワイド,1-14,"6,890円"
202337,ワイド,1-10,"2,400円"
202337,3連複,1-10-14,"68,150円"
202337,3連単,14-10-1,"517,430円"
202338,単勝,17,690円
202338,複勝,17,240円
202338,複勝,14,260円
202338,複勝,5,300円
202338,枠連,7-8,"1,850円"
202338,馬連,14-17,"3,000円"
202338,馬単,17-14,"6,140円"
202338,ワイド,14-17,"1,050円"
202338,ワイド,5-17,"1,600円"
202338,ワイド,5-14,"1,230円"
202338,3連複,5-14-17,"11,320円"
202338,3連単,17-14-5,"50,510円"
202339,単勝,9,190円
202339,複勝,9,110円
202339,複勝,16,320円
202339,複勝,8,480円
202339,枠連,5-8,"1,730円"
202339,馬連,9-16,"1,530円"
202339,馬単,9-16,"2,030円"
202339,ワイド,9-16,550円
202339,ワイド,8-9,580円
202339,ワイド,8-16,"3,480円"
202339,3連複,8-9-16,"5,970円"
202339,3連単,9-16-8,"15,680円"
202340,単勝,13,650円
202340,複勝,13,160円
202340,複勝,11,110円
202340,複勝,10,160円
202340,枠連,6-7,520円
202340,馬連,11-13,550円
202340,馬単,13-11,"1,610円"
202340,ワイド,11-13,260円
202340,ワイド,10-13,840円
202340,ワイド,10-11,250円
202340,3連複,10-11-13,"1,270円"
202340,3連単,13-11-10,"8,950円"
202341,単勝,16,250円
202341,複勝,16,120円
202341,複勝,15,140円
202341,複勝,4,160円
202341,枠連,8-8,530円
202341,馬連,15-16,510円
202341,馬単,16-15,"1,000円"
202341,ワイド,15-16,250円
202341,ワイド,4-16,310円
202341,ワイド,4-15,510円
202341,3連複,4-15-16,850円
202341,3連単,16-15-4,"3,780円"
202342,単勝,14,340円
202342,複勝,14,170円
202342,複勝,1,470円
202342,複勝,5,240円
202342,枠連,1-7,"2,580円"
202342,馬連,1-14,"3,170円"
202342,馬単,14-1,"4,860円"
202342,ワイド,1-14,"1,310円"
202342,ワイド,5-14,650円
202342,ワイド,1-5,"2,480円"
202342,3連複,1-5-14,"8,080円"
202342,3連単,14-1-5,"34,520円"
202343,単勝,14,290円
202343,複勝,14,150円
202343,複勝,12,220円
202343,複勝,2,420円
202343,枠連,6-7,590円
202343,馬連,12-14,950円
202343,馬単,14-12,"1,530円"
202343,ワイド,12-14,380円
202343,ワイド,2-14,930円
202343,ワイド,2-12,"1,950円"
202343,3連複,2-12-14,"4,350円"
202343,3連単,14-12-2,"14,250円"
202344,単勝,10,760円
202344,複勝,10,250円
202344,複勝,11,200円
202344,複勝,7,170円
202344,枠連,5-6,"2,350円"
202344,馬連,10-11,"2,930円"
202344,馬単,10-11,"5,460円"
202344,ワイド,10-11,"1,060円"
202344,ワイド,7-10,560円
202344,ワイド,7-11,480円
202344,3連複,7-10-11,"3,340円"
202344,3連単,10-11-7,"26,820円"
202345,単勝,8,180円
202345,複勝,8,110円
202345,複勝,4,390円
202345,複勝,16,250円
202345,枠連,2-4,"2,050円"
202345,馬連,4-8,"1,830円"
202345,馬単,8-4,"2,390円"
202345,ワイド,4-8,720円
202345,ワイド,8-16,460円
202345,ワイド,4-16,"2,890円"
202345,3連複,4-8-16,"4,930円"
202345,3連単,8-4-16,"17,950円"
202346,単勝,8,"1,980円"
202346,複勝,8,470円
202346,複勝,6,690円
202346,複勝,3,150円
202346,枠連,4-5,"5,770円"
202346,馬連,6-8,"34,670円"
202346,馬単,8-6,"74,270円"
202346,ワイド,6-8,"7,310円"
202346,ワイド,3-8,980円
202346,ワイド,3-6,"1,600円"
202346,3連複,3-6-8,"29,670円"
202346,3連単,8-6-3,"284,500円"
202347,単勝,7,"1,360円"
202347,複勝,7,400円
202347,複勝,13,"1,030円"
202347,複勝,1,540円
202347,枠連,5-8,730円
202347,馬連,7-13,"22,510円"
202347,馬単,7-13,"33,610円"
202347,ワイド,7-13,"5,910円"
202347,ワイド,1-7,"3,250円"
202347,ワイド,1-13,"7,050円"
202347,3連複,1-7-13,"111,360円"
202347,3連単,7-13-1,"624,080円"
202348,単勝,10,340円
202348,複勝,10,160円
202348,複勝,4,150円
202348,複勝,11,380円
202348,枠連,4-7,550円
202348,馬連,4-10,580円
202348,馬単,10-4,"1,100円"
202348,ワイド,4-10,280円
202348,ワイド,10-11,"1,200円"
202348,ワイド,4-11,"1,160円"
202348,3連複,4-10-11,"3,590円"
202348,3連単,10-4-11,"12,380円"
202349,単勝,11,470円
202349,複勝,11,200円
202349,複勝,2,770円
202349,複勝,5,290円
202349,枠連,1-6,"3,220円"
202349,馬連,2-11,"9,300円"
202349,馬単,11-2,"14,100円"
202349,ワイド,2-11,"2,780円"
202349,ワイド,5-11,800円
202349,ワイド,2-5,"4,270円"
202349,3連複,2-5-11,"23,250円"
202349,3連単,11-2-5,"150,760円"
202350,単勝,4,460円
202350,複勝,4,150円
202350,複勝,6,130円
202350,複勝,10,230円
202350,枠連,4-6,630円
202350,馬連,4-6,660円
202350,馬単,4-6,"1,670円"
202350,ワイド,4-6,320円
202350,ワイド,4-10,630円
202350,ワイド,6-10,560円
202350,3連複,4-6-10,"2,080円"
202350,3連単,4-6-10,"10,700円"
202351,単勝,4,850円
202351,複勝,4,210円
202351,複勝,11,320円
202351,複勝,9,140円
202351,枠連,2-6,"1,670円"
202351,馬連,4-11,"6,100円"
202351,馬単,4-11,"11,980円"
202351,ワイド,4-11,"1,500円"
202351,ワイド,4-9,500円
202351,ワイド,9-11,"1,000円"
202351,3連複,4-9-11,"6,230円"
202351,3連単,4-11-9,"62,430円"
202352,単勝,10,450円
202352,複勝,10,190円
202352,複勝,6,270円
202352,複勝,1,190円
202352,枠連,3-5,"2,890円"
202352,馬連,6-10,"3,040円"
202352,馬単,10-6,"5,680円"
202352,ワイド,6-10,830円
202352,ワイド,1-10,480円
202352,ワイド,1-6,830円
202352,3連複,1-6-10,"5,660円"
202352,3連単,10-6-1,"32,810円"
202353,単勝,6,150円
202353,複勝,6,110円
202353,複勝,12,130円
202353,複勝,1,190円
202353,枠連,3-6,310円
202353,馬連,6-12,290円
202353,馬単,6-12,430円
202353,ワイド,6-12,170円
202353,ワイド,1-6,340円
202353,ワイド,1-12,550円
202353,3連複,1-6-12,"1,020円"
202353,3連単,6-12-1,"2,260円"
202354,単勝,12,460円
202354,複勝,12,170円
202354,複勝,15,190円
202354,複勝,13,530円
202354,枠連,6-8,"1,050円"
202354,馬連,12-15,"1,140円"
202354,馬単,12-15,"2,060円"
202354,ワイド,12-15,440円
202354,ワイド,12-13,"1,560円"
202354,ワイド,13-15,"2,200円"
202354,3連複,12-13-15,"7,910円"
202354,3連単,12-15-13,"43,740円"
202355,単勝,9,420円
202355,複勝,9,150円
202355,複勝,13,130円
202355,複勝,16,170円
202355,枠連,5-7,610円
202355,馬連,9-13,680円
202355,馬単,9-13,"1,460円"
202355,ワイド,9-13,310円
202355,ワイド,9-16,570円
202355,ワイド,13-16,390円
202355,3連複,9-13-16,"1,370円"
202355,3連単,9-13-16,"5,310円"
202356,単勝,7,920円
202356,複勝,7,270円
202356,複勝,4,190円
202356,複勝,3,290円
202356,枠連,4-5,"2,830円"
202356,馬連,4-7,"2,540円"
202356,馬単,7-4,"5,600円"
202356,ワイド,4-7,770円
202356,ワイド,3-7,"1,570円"
202356,ワイド,3-4,960円
202356,3連複,3-4-7,"7,580円"
202356,3連単,7-4-3,"44,070円"
202357,単勝,7,190円
202357,複勝,7,110円
202357,複勝,1,520円
202357,複勝,12,190円
202357,枠連,1-4,"1,980円"
202357,馬連,1-7,"2,420円"
202357,馬単,7-1,"3,550円"
202357,ワイド,1-7,710円
202357,ワイド,7-12,350円
202357,ワイド,1-12,"2,420円"
202357,3連複,1-7-12,"5,170円"
202357,3連単,7-1-12,"21,340円"
202358,単勝,15,700円
202358,複勝,15,190円
202358,複勝,7,180円
202358,複勝,8,140円
202358,枠連,4-8,750円
202358,馬連,7-15,"2,580円"
202358,馬単,15-7,"5,240円"
202358,ワイド,7-15,810円
202358,ワイド,8-15,540円
202358,ワイド,7-8,430円
202358,3連複,7-8-15,"2,430円"
202358,3連単,15-7-8,"19,870円"
202359,単勝,1,190円
202359,複勝,1,120円
202359,複勝,5,420円
202359,複勝,6,440円
202359,枠連,1-5,"2,360円"
202359,馬連,1-5,"1,950円"
202359,馬単,1-5,"2,770円"
202359,ワイド,1-5,770円
202359,ワイド,1-6,800円
202359,ワイド,5-6,"3,680円"
202359,3連複,1-5-6,"10,930円"
202359,3連単,1-5-6,"26,420円"
202360,単勝,3,480円
202360,複勝,3,150円
202360,複勝,2,730円
202360,複勝,1,140円
202360,枠連,2-3,"11,130円"
202360,馬連,2-3,"10,690円"
202360,馬単,3-2,"16,090円"
202360,ワイド,2-3,"3,220円"
202360,ワイド,1-3,320円
202360,ワイド,1-2,"1,760円"
202360,3連複,1-2-3,"6,770円"
202360,3連単,3-2-1,"60,150円"
202361,単勝,4,270円
202361,複勝,4,140円
202361,複勝,3,"1,090円"
202361,複勝,7,130円
202361,枠連,3-4,"12,170円"
202361,馬連,3-4,"19,570円"
202361,馬単,4-3,"23,840円"
202361,ワイド,3-4,"4,840円"
202361,ワイド,4-7,220円
202361,ワイド,3-7,"3,870円"
202361,3連複,3-4-7,"11,010円"
202361,3連単,4-3-7,"93,740円"
202362,単勝,4,620円
202362,複勝,4,210円
202362,複勝,6,180円
202362,複勝,1,150円
202362,枠連,4-6,"1,290円"
202362,馬連,4-6,"1,760円"
202362,馬単,4-6,"3,800円"
202362,ワイド,4-6,590円
202362,ワイド,1-4,400円
202362,ワイド,1-6,320円
202362,3連複,1-4-6,"1,330円"
202362,3連単,4-6-1,"10,380円"
202363,単勝,8,"1,390円"
202363,複勝,8,260円
202363,複勝,9,140円
202363,複勝,3,370円
202363,枠連,4-5,"1,320円"
202363,馬連,8-9,"1,140円"
202363,馬単,8-9,"3,540円"
202363,ワイド,8-9,430円
202363,ワイド,3-8,"1,120円"
202363,ワイド,3-9,620円
202363,3連複,3-8-9,"4,290円"
202363,3連単,8-9-3,"25,620円"
202364,単勝,3,"1,250円"
202364,複勝,3,180円
202364,複勝,4,100円
202364,複勝,14,120円
202364,枠連,2-2,630円
202364,馬連,3-4,720円
202364,馬単,3-4,"2,420円"
202364,ワイド,3-4,330円
202364,ワイド,3-14,560円
202364,ワイド,4-14,190円
202364,3連複,3-4-14,660円
202364,3連単,3-4-14,"6,490円"
202365,単勝,4,660円
202365,複勝,4,220円
202365,複勝,12,230円
202365,複勝,5,640円
202365,枠連,2-6,"1,210円"
202365,馬連,4-12,"2,280円"
202365,馬単,4-12,"4,260円"
202365,ワイド,4-12,840円
202365,ワイド,4-5,"2,470円"
202365,ワイド,5-12,"2,450円"
202365,3連複,4-5-12,"14,420円"
202365,3連単,4-12-5,"61,890円"
202366,単勝,7,370円
202366,複勝,7,200円
202366,複勝,3,"2,290円"
202366,複勝,1,470円
202366,枠連,2-4,"1,960円"
202366,馬連,3-7,"31,450円"
202366,馬単,7-3,"37,670円"
202366,ワイド,3-7,"8,340円"
202366,ワイド,1-7,"1,590円"
202366,ワイド,1-3,"12,640円"
202366,3連複,1-3-7,"99,490円"
202366,3連単,7-3-1,"497,900円"
202367,単勝,2,520円
202367,複勝,2,180円
202367,複勝,7,230円
202367,複勝,10,130円
202367,枠連,2-5,"3,070円"
202367,馬連,2-7,"3,060円"
202367,馬単,2-7,"5,460円"
202367,ワイド,2-7,800円
202367,ワイド,2-10,400円
202367,ワイド,7-10,430円
202367,3連複,2-7-10,"2,520円"
202367,3連単,2-7-10,"19,190円"
202368,単勝,9,"2,540円"
202368,複勝,9,450円
202368,複勝,15,190円
202368,複勝,14,"2,620円"
202368,枠連,5-8,470円
202368,馬連,9-15,"3,100円"
202368,馬単,9-15,"10,010円"
202368,ワイド,9-15,"1,220円"
202368,ワイド,9-14,"24,920円"
202368,ワイド,14-15,"8,330円"
202368,3連複,9-14-15,"105,510円"
202368,3連単,9-15-14,"455,470円"
202369,単勝,5,200円
202369,複勝,5,110円
202369,複勝,1,120円
202369,複勝,9,150円
202369,枠連,1-4,390円
202369,馬連,1-5,430円
202369,馬単,5-1,630円
202369,ワイド,1-5,200円
202369,ワイド,5-9,300円
202369,ワイド,1-9,390円
202369,3連複,1-5-9,910円
202369,3連単,5-1-9,"2,100円"
202370,単勝,12,370円
202370,複勝,12,150円
202370,複勝,1,150円
202370,複勝,6,260円
202370,枠連,1-8,500円
202370,馬連,1-12,730円
202370,馬単,12-1,"1,660円"
202370,ワイド,1-12,300円
202370,ワイド,6-12,870円
202370,ワイド,1-6,560円
202370,3連複,1-6-12,"2,260円"
202370,3連単,12-1-6,"11,300円"
202371,単勝,8,160円
202371,複勝,8,110円
202371,複勝,7,180円
202371,複勝,3,390円
202371,枠連,4-4,820円
202371,馬連,7-8,810円
202371,馬単,8-7,"1,090円"
202371,ワイド,7-8,360円
202371,ワイド,3-8,790円
202371,ワイド,3-7,"1,400円"
202371,3連複,3-7-8,"4,310円"
202371,3連単,8-7-3,"9,900円"
202372,単勝,10,210円
202372,複勝,10,110円
202372,複勝,1,130円
202372,複勝,3,270円
202372,枠連,1-8,410円
202372,馬連,1-10,440円
202372,馬単,10-1,790円
202372,ワイド,1-10,200円
202372,ワイド,3-10,510円
202372,ワイド,1-3,560円
202372,3連複,1-3-10,"1,580円"
202372,3連単,10-1-3,"4,510円"
202373,単勝,6,620円
202373,複勝,6,160円
202373,複勝,5,410円
202373,複勝,9,110円
202373,枠連,4-4,"7,960円"
202373,馬連,5-6,"7,090円"
202373,馬単,6-5,"13,390円"
202373,ワイド,5-6,"1,500円"
202373,ワイド,6-9,260円
202373,ワイド,5-9,810円
202373,3連複,5-6-9,"3,280円"
202373,3連単,6-5-9,"43,380円"
202374,単勝,12,"3,880円"
202374,複勝,12,840円
202374,複勝,5,170円
202374,複勝,11,240円
202374,枠連,4-7,"1,000円"
202374,馬連,5-12,"4,600円"
202374,馬単,12-5,"13,840円"
202374,ワイド,5-12,"1,870円"
202374,ワイド,11-12,"3,480円"
202374,ワイド,5-11,710円
202374,3連複,5-11-12,"15,510円"
202374,3連単,12-5-11,"148,360円"
202375,単勝,14,310円
202375,複勝,14,140円
202375,複勝,2,200円
202375,複勝,13,780円
202375,枠連,1-7,470円
202375,馬連,2-14,"1,020円"
202375,馬単,14-2,"1,800円"
202375,ワイド,2-14,540円
202375,ワイド,13-14,"1,900円"
202375,ワイド,2-13,"4,570円"
202375,3連複,2-13-14,"12,900円"
202375,3連単,14-2-13,"38,640円"
202376,単勝,12,340円
202376,複勝,12,170円
202376,複勝,2,300円
202376,複勝,10,210円
202376,枠連,2-7,690円
202376,馬連,2-12,"1,590円"
202376,馬単,12-2,"2,020円"
202376,ワイド,2-12,760円
202376,ワイド,10-12,670円
202376,ワイド,2-10,"1,230円"
202376,3連複,2-10-12,"4,280円"
202376,3連単,12-2-10,"12,240円"
202377,単勝,4,190円
202377,複勝,4,110円
202377,複勝,3,180円
202377,複勝,6,"6,790円"
202377,枠連,2-2,560円
202377,馬連,3-4,610円
202377,馬単,4-3,760円
202377,ワイド,3-4,280円
202377,ワイド,4-6,"18,720円"
202377,ワイド,3-6,"40,790円"
202377,3連複,3-4-6,"74,000円"
202377,3連単,4-3-6,"164,250円"
202378,単勝,10,840円
202378,複勝,10,310円
202378,複勝,3,180円
202378,複勝,4,660円
202378,枠連,2-5,"1,380円"
202378,馬連,3-10,"1,510円"
202378,馬単,10-3,"3,570円"
202378,ワイド,3-10,640円
202378,ワイド,4-10,"3,090円"
202378,ワイド,3-4,"1,650円"
202378,3連複,3-4-10,"11,190円"
202378,3連単,10-3-4,"58,870円"
202379,単勝,12,"5,330円"
202379,複勝,12,510円
202379,複勝,14,130円
202379,複勝,1,170円
202379,枠連,7-8,"2,470円"
202379,馬連,12-14,"5,060円"
202379,馬単,12-14,"18,620円"
202379,ワイド,12-14,"1,330円"
202379,ワイド,1-12,"2,790円"
202379,ワイド,1-14,420円
202379,3連複,1-12-14,"8,840円"
202379,3連単,12-14-1,"117,420円"
202380,単勝,13,370円
202380,複勝,13,160円
202380,複勝,14,160円
202380,複勝,15,350円
202380,枠連,7-7,730円
202380,馬連,13-14,660円
202380,馬単,13-14,"1,300円"
202380,ワイド,13-14,320円
202380,ワイド,13-15,"1,080円"
202380,ワイド,14-15,860円
202380,3連複,13-14-15,"3,200円"
202380,3連単,13-14-15,"15,010円"
202381,単勝,10,250円
202381,複勝,10,140円
202381,複勝,3,240円
202381,複勝,8,150円
202381,枠連,3-7,"1,530円"
202381,馬連,3-10,"1,420円"
202381,馬単,10-3,"2,080円"
202381,ワイド,3-10,510円
202381,ワイド,8-10,240円
202381,ワイド,3-8,500円
202381,3連複,3-8-10,"1,560円"
202381,3連単,10-3-8,"6,910円"
202382,単勝,7,"1,210円"
202382,複勝,7,350円
202382,複勝,13,150円
202382,複勝,15,220円
202382,枠連,4-7,960円
202382,馬連,7-13,"2,330円"
202382,馬単,7-13,"5,500円"
202382,ワイド,7-13,990円
202382,ワイド,7-15,"2,240円"
202382,ワイド,13-15,490円
202382,3連複,7-13-15,"5,580円"
202382,3連単,7-13-15,"40,010円"
202383,単勝,2,560円
202383,複勝,2,170円
202383,複勝,4,200円
202383,複勝,5,190円
202383,枠連,2-4,"1,860円"
202383,馬連,2-4,"1,750円"
202383,馬単,2-4,"3,450円"
202383,ワイド,2-4,510円
202383,ワイド,2-5,390円
202383,ワイド,4-5,480円
202383,3連複,2-4-5,"2,270円"
202383,3連単,2-4-5,"15,190円"
202384,単勝,11,"2,070円"
202384,複勝,11,510円
202384,複勝,5,230円
202384,複勝,8,200円
202384,枠連,3-6,"1,200円"
202384,馬連,5-11,"6,700円"
202384,馬単,11-5,"15,360円"
202384,ワイド,5-11,"2,120円"
202384,ワイド,8-11,"1,860円"
202384,ワイド,5-8,710円
202384,3連複,5-8-11,"11,880円"
202384,3連単,11-5-8,"107,350円"
202385,単勝,4,860円
202385,複勝,4,300円
202385,複勝,9,380円
202385,複勝,6,270円
202385,枠連,3-6,640円
202385,馬連,4-9,"3,950円"
202385,馬単,4-9,"8,290円"
202385,ワイド,4-9,"1,300円"
202385,ワイド,4-6,"1,080円"
202385,ワイド,6-9,"1,230円"
202385,3連複,4-6-9,"10,710円"
202385,3連単,4-9-6,"71,370円"
202386,単勝,1,460円
202386,複勝,1,130円
202386,複勝,3,140円
202386,複勝,4,110円
202386,枠連,1-3,"1,400円"
202386,馬連,1-3,"1,330円"
202386,馬単,1-3,"2,510円"
202386,ワイド,1-3,340円
202386,ワイド,1-4,190円
202386,ワイド,3-4,270円
202386,3連複,1-3-4,690円
202386,3連単,1-3-4,"6,200円"
202387,単勝,14,160円
202387,複勝,14,110円
202387,複勝,10,170円
202387,複勝,9,890円
202387,枠連,5-7,430円
202387,馬連,10-14,520円
202387,馬単,14-10,710円
202387,ワイド,10-14,270円
202387,ワイド,9-14,"1,820円"
202387,ワイド,9-10,"4,120円"
202387,3連複,9-10-14,"7,490円"
202387,3連単,14-10-9,"18,190円"
202388,単勝,13,260円
202388,複勝,13,140円
202388,複勝,16,460円
202388,複勝,1,640円
202388,枠連,7-8,"1,370円"
202388,馬連,13-16,"1,940円"
202388,馬単,13-16,"3,130円"
202388,ワイド,13-16,800円
202388,ワイド,1-13,"1,790円"
202388,ワイド,1-16,"5,830円"
202388,3連複,1-13-16,"22,550円"
202388,3連単,13-16-1,"85,690円"
202389,単勝,9,230円
202389,複勝,9,120円
202389,複勝,14,170円
202389,複勝,7,440円
202389,枠連,5-7,400円
202389,馬連,9-14,580円
202389,馬単,9-14,"1,040円"
202389,ワイド,9-14,300円
202389,ワイド,7-9,740円
202389,ワイド,7-14,"1,210円"
202389,3連複,7-9-14,"3,470円"
202389,3連単,9-14-7,"11,550円"
202390,単勝,11,340円
202390,複勝,11,130円
202390,複勝,9,130円
202390,複勝,5,170円
202390,枠連,7-8,590円
202390,馬連,9-11,680円
202390,馬単,11-9,"1,300円"
202390,ワイド,9-11,270円
202390,ワイド,5-11,400円
202390,ワイド,5-9,420円
202390,3連複,5-9-11,"1,540円"
202390,3連単,11-9-5,"6,730円"
202391,単勝,11,160円
202391,複勝,11,110円
202391,複勝,3,500円
202391,複勝,7,190円
202391,枠連,2-6,360円
202391,馬連,3-11,"2,880円"
202391,馬単,11-3,"3,550円"
202391,ワイド,3-11,910円
202391,ワイド,7-11,340円
202391,ワイド,3-7,"3,090円"
202391,3連複,3-7-11,"5,880円"
202391,3連単,11-3-7,"22,130円"
202392,単勝,4,"1,580円"
202392,複勝,4,260円
202392,複勝,5,110円
202392,複勝,11,160円
202392,枠連,2-3,"1,020円"
202392,馬連,4-5,"1,100円"
202392,馬単,4-5,"3,900円"
202392,ワイド,4-5,410円
202392,ワイド,4-11,"1,060円"
202392,ワイド,5-11,240円
202392,3連複,4-5-11,"1,830円"
202392,3連単,4-5-11,"17,350円"
202393,単勝,16,260円
202393,複勝,16,130円
202393,複勝,10,370円
202393,複勝,13,180円
202393,枠連,5-8,"2,330円"
202393,馬連,10-16,"2,630円"
202393,馬単,16-10,"3,970円"
202393,ワイド,10-16,810円
202393,ワイド,13-16,310円
202393,ワイド,10-13,"1,500円"
202393,3連複,10-13-16,"4,230円"
202393,3連単,16-10-13,"20,480円"
202394,単勝,1,670円
202394,複勝,1,170円
202394,複勝,12,120円
202394,複勝,2,150円
202394,枠連,1-6,360円
202394,馬連,1-12,860円
202394,馬単,1-12,"2,030円"
202394,ワイド,1-12,360円
202394,ワイド,1-2,560円
202394,ワイド,2-12,270円
202394,3連複,1-2-12,"1,510円"
202394,3連単,1-12-2,"8,870円"
202395,単勝,3,150円
202395,複勝,3,110円
202395,複勝,9,890円
202395,複勝,10,350円
202395,枠連,2-5,"3,050円"
202395,馬連,3-9,"6,560円"
202395,馬単,3-9,"7,730円"
202395,ワイド,3-9,"2,050円"
202395,ワイド,3-10,620円
202395,ワイド,9-10,"12,030円"
202395,3連複,3-9-10,"20,990円"
202395,3連単,3-9-10,"72,700円"
202396,単勝,6,400円
202396,複勝,6,150円
202396,複勝,7,320円
202396,複勝,8,170円
202396,枠連,6-7,720円
202396,馬連,6-7,"2,570円"
202396,馬単,6-7,"4,450円"
202396,ワイド,6-7,800円
202396,ワイド,6-8,340円
202396,ワイド,7-8,"1,080円"
202396,3連複,6-7-8,"3,390円"
202396,3連単,6-7-8,"22,420円"
202397,単勝,7,180円
202397,複勝,7,110円
202397,複勝,1,130円
202397,複勝,2,150円
202397,枠連,1-7,410円
202397,馬連,1-7,390円
202397,馬単,7-1,600円
202397,ワイド,1-7,180円
202397,ワイド,2-7,230円
202397,ワイド,1-2,320円
202397,3連複,1-2-7,620円
202397,3連単,7-1-2,"1,850円"
202398,単勝,5,810円
202398,複勝,5,200円
202398,複勝,7,140円
202398,複勝,8,190円
202398,枠連,4-5,630円
202398,馬連,5-7,820円
202398,馬単,5-7,"2,520円"
202398,ワイド,5-7,320円
202398,ワイド,5-8,770円
202398,ワイド,7-8,390円
202398,3連複,5-7-8,"1,820円"
202398,3連単,5-7-8,"13,750円"
202399,単勝,1,420円
202399,複勝,1,180円
202399,複勝,6,"1,260円"
202399,複勝,12,430円
202399,枠連,1-3,"2,350円"
202399,馬連,1-6,"13,330円"
202399,馬単,1-6,"19,310円"
202399,ワイド,1-6,"3,530円"
202399,ワイド,1-12,"1,380円"
202399,ワイド,6-12,"14,170円"
202399,3連複,1-6-12,"86,180円"
202399,3連単,1-6-12,"479,600円"
2023100,単勝,5,400円
2023100,複勝,5,120円
2023100,複勝,7,110円
2023100,複勝,10,140円
2023100,枠連,3-4,290円
2023100,馬連,5-7,350円
2023100,馬単,5-7,830円
2023100,ワイド,5-7,180円
2023100,ワイド,5-10,510円
2023100,ワイド,7-10,260円
2023100,3連複,5-7-10,870円
2023100,3連単,5-7-10,"4,500円"
2023101,単勝,6,300円
2023101,複勝,6,130円
2023101,複勝,5,360円
2023101,複勝,9,490円
2023101,枠連,3-3,"2,190円"
2023101,馬連,5-6,"2,440円"
2023101,馬単,6-5,"4,100円"
2023101,ワイド,5-6,830円
2023101,ワイド,6-9,850円
2023101,ワイド,5-9,"5,370円"
2023101,3連複,5-6-9,"14,010円"
2023101,3連単,6-5-9,"65,590円"
2023102,単勝,15,360円
2023102,複勝,15,150円
2023102,複勝,16,220円
2023102,複勝,10,370円
2023102,枠連,8-8,"1,410円"
2023102,馬連,15-16,"1,090円"
2023102,馬単,15-16,"2,560円"
2023102,ワイド,15-16,440円
2023102,ワイド,10-15,970円
2023102,ワイド,10-16,"1,000円"
2023102,3連複,10-15-16,"4,750円"
2023102,3連単,15-16-10,"25,300円"
2023103,単勝,6,340円
2023103,複勝,6,130円
2023103,複勝,3,180円
2023103,複勝,15,130円
2023103,枠連,2-3,"1,110円"
2023103,馬連,3-6,"1,110円"
2023103,馬単,6-3,"2,310円"
2023103,ワイド,3-6,400円
2023103,ワイド,6-15,250円
2023103,ワイド,3-15,390円
2023103,3連複,3-6-15,"1,060円"
2023103,3連単,6-3-15,"7,840円"
2023104,単勝,5,430円
2023104,複勝,5,130円
2023104,複勝,4,120円
2023104,複勝,10,140円
2023104,枠連,2-3,420円
2023104,馬連,4-5,450円
2023104,馬単,5-4,"1,040円"
2023104,ワイド,4-5,200円
2023104,ワイド,5-10,300円
2023104,ワイド,4-10,270円
2023104,3連複,4-5-10,760円
2023104,3連単,5-4-10,"3,580円"
2023105,単勝,6,"1,010円"
2023105,複勝,6,270円
2023105,複勝,1,110円
2023105,複勝,11,210円
2023105,枠連,1-6,"1,100円"
2023105,馬連,1-6,"1,380円"
2023105,馬単,6-1,"3,490円"
2023105,ワイド,1-6,620円
2023105,ワイド,6-11,"1,430円"
2023105,ワイド,1-11,450円
2023105,3連複,1-6-11,"3,840円"
2023105,3連単,6-1-11,"33,830円"
2023106,単勝,12,250円
2023106,複勝,12,120円
2023106,複勝,8,160円
2023106,複勝,9,130円
2023106,枠連,4-6,620円
2023106,馬連,8-12,920円
2023106,馬単,12-8,"1,510円"
2023106,ワイド,8-12,410円
2023106,ワイド,9-12,180円
2023106,ワイド,8-9,350円
2023106,3連複,8-9-12,750円
2023106,3連単,12-8-9,"3,580円"
2023107,単勝,4,290円
2023107,複勝,4,120円
2023107,複勝,5,150円
2023107,複勝,7,120円
2023107,馬連,4-5,910円
2023107,馬単,4-5,"1,520円"
2023107,ワイド,4-5,320円
2023107,ワイド,4-7,200円
2023107,ワイド,5-7,360円
2023107,3連複,4-5-7,870円
2023107,3連単,4-5-7,"4,270円"
2023108,単勝,4,200円
2023108,複勝,4,110円
2023108,複勝,1,920円
2023108,複勝,2,390円
2023108,枠連,1-4,"4,370円"
2023108,馬連,1-4,"4,780円"
2023108,馬単,4-1,"5,050円"
2023108,ワイド,1-4,"1,670円"
2023108,ワイド,2-4,730円
2023108,ワイド,1-2,"6,030円"
2023108,3連複,1-2-4,"15,390円"
2023108,3連単,4-1-2,"57,540円"
2023109,単勝,13,160円
2023109,複勝,13,110円
2023109,複勝,6,140円
2023109,複勝,14,200円
2023109,枠連,3-7,350円
2023109,馬連,6-13,390円
2023109,馬単,13-6,530円
2023109,ワイド,6-13,200円
2023109,ワイド,13-14,350円
2023109,ワイド,6-14,730円
2023109,3連複,6-13-14,"1,070円"
2023109,3連単,13-6-14,"2,610円"
2023110,単勝,4,500円
2023110,複勝,4,140円
2023110,複勝,10,110円
2023110,複勝,7,120円
2023110,枠連,4-8,760円
2023110,馬連,4-10,760円
2023110,馬単,4-10,"1,670円"
2023110,ワイド,4-10,240円
2023110,ワイド,4-7,280円
2023110,ワイド,7-10,180円
2023110,3連複,4-7-10,630円
2023110,3連単,4-10-7,"4,630円"
2023111,単勝,16,320円
2023111,複勝,16,160円
2023111,複勝,4,350円
2023111,複勝,12,280円
2023111,枠連,2-8,"1,040円"
2023111,馬連,4-16,"2,390円"
2023111,馬単,16-4,"3,520円"
2023111,ワイド,4-16,890円
2023111,ワイド,12-16,920円
2023111,ワイド,4-12,"1,440円"
2023111,3連複,4-12-16,"7,640円"
2023111,3連単,16-4-12,"30,410円"
2023112,単勝,16,800円
2023112,複勝,16,490円
2023112,複勝,14,480円
2023112,複勝,4,930円
2023112,枠連,7-8,"4,570円"
2023112,馬連,14-16,"5,110円"
2023112,馬単,16-14,"12,910円"
2023112,ワイド,14-16,"1,290円"
2023112,ワイド,4-16,"2,210円"
2023112,ワイド,4-14,"1,860円"
2023112,3連複,4-14-16,"21,680円"
2023112,3連単,16-14-4,"137,460円"
2023113,単勝,10,"1,760円"
2023113,複勝,10,320円
2023113,複勝,8,150円
2023113,複勝,15,190円
2023113,枠連,4-5,830円
2023113,馬連,8-10,"2,430円"
2023113,馬単,10-8,"6,890円"
2023113,ワイド,8-10,760円
2023113,ワイド,10-15,"1,240円"
2023113,ワイド,8-15,570円
2023113,3連複,8-10-15,"6,270円"
2023113,3連単,10-8-15,"54,100円"
2023114,単勝,4,"1,230円"
2023114,複勝,4,220円
2023114,複勝,3,110円
2023114,複勝,5,650円
2023114,枠連,3-4,600円
2023114,馬連,3-4,590円
2023114,馬単,4-3,"2,130円"
2023114,ワイド,3-4,320円
2023114,ワイド,4-5,"3,070円"
2023114,ワイド,3-5,890円
2023114,3連複,3-4-5,"4,330円"
2023114,3連単,4-3-5,"30,470円"
2023115,単勝,14,270円
2023115,複勝,14,160円
2023115,複勝,16,410円
2023115,複勝,8,230円
2023115,枠連,7-8,510円
2023115,馬連,14-16,"3,050円"
2023115,馬単,14-16,"4,330円"
2023115,ワイド,14-16,940円
2023115,ワイド,8-14,520円
2023115,ワイド,8-16,"1,230円"
2023115,3連複,8-14-16,"5,970円"
2023115,3連単,14-16-8,"27,700円"
2023116,単勝,1,"1,220円"
2023116,複勝,1,340円
2023116,複勝,8,160円
2023116,複勝,2,220円
2023116,枠連,1-4,540円
2023116,馬連,1-8,"1,880円"
2023116,馬単,1-8,"4,950円"
2023116,ワイド,1-8,810円
2023116,ワイド,1-2,"1,150円"
2023116,ワイド,2-8,450円
2023116,3連複,1-2-8,"3,800円"
2023116,3連単,1-8-2,"27,670円"
2023117,単勝,10,330円
2023117,複勝,10,150円
2023117,複勝,14,110円
2023117,複勝,7,940円
2023117,枠連,6-8,380円
2023117,馬連,10-14,380円
2023117,馬単,10-14,800円
2023117,ワイド,10-14,220円
2023117,ワイド,7-10,"5,110円"
2023117,ワイド,7-14,"1,940円"
2023117,3連複,7-10-14,"6,540円"
2023117,3連単,10-14-7,"36,000円"
2023118,単勝,14,530円
2023118,複勝,14,240円
2023118,複勝,10,440円
2023118,複勝,13,270円
2023118,枠連,5-7,570円
2023118,馬連,10-14,"5,820円"
2023118,馬単,14-10,"8,650円"
2023118,ワイド,10-14,"1,900円"
2023118,ワイド,13-14,"1,030円"
2023118,ワイド,10-13,"2,210円"
2023118,3連複,10-13-14,"15,390円"
2023118,3連単,14-10-13,"92,460円"
2023119,単勝,8,270円
2023119,複勝,8,120円
2023119,複勝,6,130円
2023119,複勝,11,150円
2023119,枠連,6-7,310円
2023119,馬連,6-8,460円
2023119,馬単,8-6,850円
2023119,ワイド,6-8,200円
2023119,ワイド,8-11,240円
2023119,ワイド,6-11,350円
2023119,3連複,6-8-11,830円
2023119,3連単,8-6-11,"3,330円"
2023120,単勝,5,"3,820円"
2023120,複勝,5,800円
2023120,複勝,9,420円
2023120,複勝,4,300円
2023120,枠連,5-7,"8,300円"
2023120,馬連,5-9,"13,030円"
2023120,馬単,5-9,"34,490円"
2023120,ワイド,5-9,"3,140円"
2023120,ワイド,4-5,"3,540円"
2023120,ワイド,4-9,"1,300円"
2023120,3連複,4-5-9,"33,850円"
2023120,3連単,5-9-4,"306,750円"
2023121,単勝,8,520円
2023121,複勝,8,310円
2023121,複勝,11,"5,340円"
2023121,複勝,2,300円
2023121,枠連,6-8,"8,690円"
2023121,馬連,8-11,"46,520円"
2023121,馬単,8-11,"71,860円"
2023121,ワイド,8-11,"11,210円"
2023121,ワイド,2-8,470円
2023121,ワイド,2-11,"7,360円"
2023121,3連複,2-8-11,"64,960円"
2023121,3連単,8-11-2,"492,950円"
2023122,単勝,9,300円
2023122,複勝,9,170円
2023122,複勝,2,550円
2023122,複勝,6,260円
2023122,枠連,1-5,680円
2023122,馬連,2-9,"5,770円"
2023122,馬単,9-2,"7,990円"
2023122,ワイド,2-9,"1,620円"
2023122,ワイド,6-9,510円
2023122,ワイド,2-6,"2,560円"
2023122,3連複,2-6-9,"11,810円"
2023122,3連単,9-2-6,"58,720円"
2023123,単勝,11,"1,190円"
2023123,複勝,11,300円
2023123,複勝,16,500円
2023123,複勝,12,"1,120円"
2023123,枠連,6-8,"3,850円"
2023123,馬連,11-16,"6,440円"
2023123,馬単,11-16,"19,620円"
2023123,ワイド,11-16,"1,580円"
2023123,ワイド,11-12,"3,810円"
2023123,ワイド,12-16,"6,880円"
2023123,3連複,11-12-16,"74,710円"
2023123,3連単,11-16-12,"529,660円"
2023124,単勝,9,530円
2023124,複勝,9,200円
2023124,複勝,4,160円
2023124,複勝,3,170円
2023124,枠連,2-5,600円
2023124,馬連,4-9,"1,540円"
2023124,馬単,9-4,"2,510円"
2023124,ワイド,4-9,640円
2023124,ワイド,3-9,520円
2023124,ワイド,3-4,340円
2023124,3連複,3-4-9,"1,720円"
2023124,3連単,9-4-3,"9,420円"
2023125,単勝,13,160円
2023125,複勝,13,110円
2023125,複勝,2,180円
2023125,複勝,8,240円
2023125,枠連,1-7,520円
2023125,馬連,2-13,820円
2023125,馬単,13-2,960円
2023125,ワイド,2-13,370円
2023125,ワイド,8-13,470円
2023125,ワイド,2-8,"1,050円"
2023125,3連複,2-8-13,"2,260円"
2023125,3連単,13-2-8,"5,950円"
2023126,単勝,14,670円
2023126,複勝,14,300円
2023126,複勝,11,310円
2023126,複勝,10,320円
2023126,枠連,6-7,"1,280円"
2023126,馬連,11-14,"4,000円"
2023126,馬単,14-11,"6,110円"
2023126,ワイド,11-14,"1,070円"
2023126,ワイド,10-14,"1,970円"
2023126,ワイド,10-11,"1,680円"
2023126,3連複,10-11-14,"12,620円"
2023126,3連単,14-11-10,"58,820円"
2023127,単勝,8,150円
2023127,複勝,8,110円
2023127,複勝,1,230円
2023127,複勝,11,200円
2023127,枠連,1-4,500円
2023127,馬連,1-8,930円
2023127,馬単,8-1,"1,240円"
2023127,ワイド,1-8,410円
2023127,ワイド,8-11,310円
2023127,ワイド,1-11,"1,210円"
2023127,3連複,1-8-11,"2,570円"
2023127,3連単,8-1-11,"7,020円"
2023128,単勝,2,220円
2023128,複勝,2,130円
2023128,複勝,6,220円
2023128,複勝,13,490円
2023128,枠連,1-3,810円
2023128,馬連,2-6,"1,050円"
2023128,馬単,2-6,"1,540円"
2023128,ワイド,2-6,450円
2023128,ワイド,2-13,960円
2023128,ワイド,6-13,"3,110円"
2023128,3連複,2-6-13,"6,890円"
2023128,3連単,2-6-13,"18,260円"
2023129,単勝,10,300円
2023129,複勝,10,150円
2023129,複勝,2,220円
2023129,複勝,3,180円
2023129,枠連,1-5,750円
2023129,馬連,2-10,"1,100円"
2023129,馬単,10-2,"1,840円"
2023129,ワイド,2-10,460円
2023129,ワイド,3-10,470円
2023129,ワイド,2-3,770円
2023129,3連複,2-3-10,"2,420円"
2023129,3連単,10-2-3,"10,020円"
2023130,単勝,3,190円
2023130,複勝,3,110円
2023130,複勝,8,110円
2023130,複勝,10,140円
2023130,枠連,3-7,310円
2023130,馬連,3-8,320円
2023130,馬単,3-8,530円
2023130,ワイド,3-8,170円
2023130,ワイド,3-10,230円
2023130,ワイド,8-10,270円
2023130,3連複,3-8-10,500円
2023130,3連単,3-8-10,"1,540円"
2023131,単勝,8,150円
2023131,複勝,8,110円
2023131,複勝,2,180円
2023131,複勝,10,140円
2023131,枠連,2-7,780円
2023131,馬連,2-8,790円
2023131,馬単,8-2,840円
2023131,ワイド,2-8,260円
2023131,ワイド,8-10,210円
2023131,ワイド,2-10,640円
2023131,3連複,2-8-10,"1,110円"
2023131,3連単,8-2-10,"3,570円"
2023132,単勝,16,450円
2023132,複勝,16,220円
2023132,複勝,2,200円
2023132,複勝,15,620円
2023132,枠連,1-8,"1,030円"
2023132,馬連,2-16,"1,720円"
2023132,馬単,16-2,"3,110円"
2023132,ワイド,2-16,660円
2023132,ワイド,15-16,"1,480円"
2023132,ワイド,2-15,"2,450円"
2023132,3連複,2-15-16,"14,400円"
2023132,3連単,16-2-15,"53,920円"
2023133,単勝,2,950円
2023133,複勝,2,310円
2023133,複勝,15,180円
2023133,複勝,16,320円
2023133,枠連,1-8,"1,510円"
2023133,馬連,2-15,"2,360円"
2023133,馬単,2-15,"5,290円"
2023133,ワイド,2-15,930円
2023133,ワイド,2-16,"1,970円"
2023133,ワイド,15-16,730円
2023133,3連複,2-15-16,"8,120円"
2023133,3連単,2-15-16,"45,900円"
2023134,単勝,10,340円
2023134,複勝,10,160円
2023134,複勝,4,180円
2023134,複勝,16,400円
2023134,枠連,2-5,580円
2023134,馬連,4-10,830円
2023134,馬単,10-4,"1,470円"
2023134,ワイド,4-10,390円
2023134,ワイド,10-16,"1,060円"
2023134,ワイド,4-16,"1,060円"
2023134,3連複,4-10-16,"4,300円"
2023134,3連単,10-4-16,"18,800円"
2023135,単勝,2,350円
2023135,複勝,2,170円
2023135,複勝,10,480円
2023135,複勝,4,250円
2023135,枠連,1-5,"3,050円"
2023135,馬連,2-10,"5,020円"
2023135,馬単,2-10,"7,390円"
2023135,ワイド,2-10,"1,510円"
2023135,ワイド,2-4,600円
2023135,ワイド,4-10,"1,250円"
2023135,3連複,2-4-10,"10,100円"
2023135,3連単,2-10-4,"49,140円"
2023136,単勝,7,590円
2023136,複勝,7,210円
2023136,複勝,11,"1,440円"
2023136,複勝,3,450円
2023136,枠連,4-6,"1,740円"
2023136,馬連,7-11,"16,490円"
2023136,馬単,7-11,"27,180円"
2023136,ワイド,7-11,"5,620円"
2023136,ワイド,3-7,"1,340円"
2023136,ワイド,3-11,"10,430円"
2023136,3連複,3-7-11,"82,020円"
2023136,3連単,7-11-3,"448,670円"
2023137,単勝,11,820円
2023137,複勝,11,200円
2023137,複勝,15,140円
2023137,複勝,13,200円
2023137,枠連,6-8,"1,040円"
2023137,馬連,11-15,"1,400円"
2023137,馬単,11-15,"3,900円"
2023137,ワイド,11-15,510円
2023137,ワイド,11-13,800円
2023137,ワイド,13-15,570円
2023137,3連複,11-13-15,"3,220円"
2023137,3連単,11-15-13,"23,230円"
2023138,単勝,6,480円
2023138,複勝,6,200円
2023138,複勝,10,260円
2023138,複勝,4,180円
2023138,枠連,3-5,"2,370円"
2023138,馬連,6-10,"3,170円"
2023138,馬単,6-10,"5,350円"
2023138,ワイド,6-10,"1,220円"
2023138,ワイド,4-6,590円
2023138,ワイド,4-10,850円
2023138,3連複,4-6-10,"5,000円"
2023138,3連単,6-10-4,"27,060円"
2023139,単勝,15,440円
2023139,複勝,15,150円
2023139,複勝,14,150円
2023139,複勝,12,150円
2023139,枠連,7-8,920円
2023139,馬連,14-15,920円
2023139,馬単,15-14,"1,880円"
2023139,ワイド,14-15,360円
2023139,ワイド,12-15,360円
2023139,ワイド,12-14,390円
2023139,3連複,12-14-15,"1,180円"
2023139,3連単,15-14-12,"6,510円"
2023140,単勝,10,120円
2023140,複勝,10,110円
2023140,複勝,13,110円
2023140,複勝,16,150円
2023140,枠連,5-7,200円
2023140,馬連,10-13,210円
2023140,馬単,10-13,270円
2023140,ワイド,10-13,130円
2023140,ワイド,10-16,190円
2023140,ワイド,13-16,290円
2023140,3連複,10-13-16,380円
2023140,3連単,10-13-16,760円
2023141,単勝,13,520円
2023141,複勝,13,210円
2023141,複勝,14,240円
2023141,複勝,3,170円
2023141,枠連,8-8,"2,330円"
2023141,馬連,13-14,"2,340円"
2023141,馬単,13-14,"4,230円"
2023141,ワイド,13-14,680円
2023141,ワイド,3-13,570円
2023141,ワイド,3-14,690円
2023141,3連複,3-13-14,"4,460円"
2023141,3連単,13-14-3,"20,760円"
2023142,単勝,11,"1,100円"
2023142,複勝,11,280円
2023142,複勝,15,220円
2023142,複勝,4,170円
2023142,枠連,6-8,"2,430円"
2023142,馬連,11-15,"3,750円"
2023142,馬単,11-15,"8,320円"
2023142,ワイド,11-15,"1,340円"
2023142,ワイド,4-11,950円
2023142,ワイド,4-15,740円
2023142,3連複,4-11-15,"6,350円"
2023142,3連単,11-15-4,"59,090円"
2023143,単勝,9,220円
2023143,複勝,9,110円
2023143,複勝,6,110円
2023143,複勝,13,210円
2023143,枠連,5-6,250円
2023143,馬連,6-9,280円
2023143,馬単,9-6,500円
2023143,ワイド,6-9,160円
2023143,ワイド,9-13,390円
2023143,ワイド,6-13,520円
2023143,3連複,6-9-13,980円
2023143,3連単,9-6-13,"2,800円"
2023144,単勝,10,"1,410円"
2023144,複勝,10,250円
2023144,複勝,7,140円
2023144,複勝,5,160円
2023144,枠連,4-6,"1,430円"
2023144,馬連,7-10,"2,110円"
2023144,馬単,10-7,"5,140円"
2023144,ワイド,7-10,720円
2023144,ワイド,5-10,"1,160円"
2023144,ワイド,5-7,310円
2023144,3連複,5-7-10,"2,830円"
2023144,3連単,10-7-5,"21,820円"
2023145,単勝,9,"1,260円"
2023145,複勝,9,310円
2023145,複勝,7,160円
2023145,複勝,3,190円
2023145,枠連,4-5,"1,100円"
2023145,馬連,7-9,"1,840円"
2023145,馬単,9-7,"4,330円"
2023145,ワイド,7-9,750円
2023145,ワイド,3-9,"1,220円"
2023145,ワイド,3-7,520円
2023145,3連複,3-7-9,"3,300円"
2023145,3連単,9-7-3,"20,710円"
2023146,単勝,2,990円
2023146,複勝,2,270円
2023146,複勝,9,150円
2023146,複勝,8,190円
2023146,枠連,1-5,"1,620円"
2023146,馬連,2-9,"2,370円"
2023146,馬単,2-9,"6,550円"
2023146,ワイド,2-9,910円
2023146,ワイド,2-8,"1,270円"
2023146,ワイド,8-9,440円
2023146,3連複,2-8-9,"4,470円"
2023146,3連単,2-9-8,"31,740円"
2023147,単勝,13,150円
2023147,複勝,13,110円
2023147,複勝,15,120円
2023147,複勝,8,130円
2023147,枠連,7-8,240円
2023147,馬連,13-15,250円
2023147,馬単,13-15,370円
2023147,ワイド,13-15,140円
2023147,ワイド,8-13,200円
2023147,ワイド,8-15,360円
2023147,3連複,8-13-15,420円
2023147,3連単,13-15-8,"1,010円"
2023148,単勝,7,"1,850円"
2023148,複勝,7,450円
2023148,複勝,10,630円
2023148,複勝,9,170円
2023148,枠連,4-5,"1,950円"
2023148,馬連,7-10,"27,300円"
2023148,馬単,7-10,"54,860円"
2023148,ワイド,7-10,"5,340円"
2023148,ワイド,7-9,"1,600円"
2023148,ワイド,9-10,"2,670円"
2023148,3連複,7-9-10,"41,630円"
2023148,3連単,7-10-9,"466,750円"
2023149,単勝,8,330円
2023149,複勝,8,160円
2023149,複勝,7,190円
2023149,複勝,10,350円
2023149,枠連,4-4,920円
2023149,馬連,7-8,930円
2023149,馬単,8-7,"1,460円"
2023149,ワイド,7-8,350円
2023149,ワイド,8-10,"1,160円"
2023149,ワイド,7-10,"1,120円"
2023149,3連複,7-8-10,"5,550円"
2023149,3連単,8-7-10,"15,600円"
2023150,単勝,6,"12,510円"
2023150,複勝,6,"1,980円"
2023150,複勝,8,200円
2023150,複勝,5,510円
2023150,枠連,4-5,"9,910円"
2023150,馬連,6-8,"22,470円"
2023150,馬単,6-8,"74,220円"
2023150,ワイド,6-8,"6,300円"
2023150,ワイド,5-6,"23,470円"
2023150,ワイド,5-8,"1,690円"
2023150,3連複,5-6-8,"140,070円"
2023150,3連単,6-8-5,"1,334,810円"
2023151,単勝,3,240円
2023151,複勝,3,120円
2023151,複勝,12,160円
2023151,複勝,16,250円
2023151,枠連,2-6,880円
2023151,馬連,3-12,790円
2023151,馬単,3-12,"1,420円"
2023151,ワイド,3-12,340円
2023151,ワイド,3-16,560円
2023151,ワイド,12-16,940円
2023151,3連複,3-12-16,"2,330円"
2023151,3連単,3-12-16,"9,300円"
2023152,単勝,9,690円
2023152,複勝,9,220円
2023152,複勝,6,180円
2023152,複勝,3,320円
2023152,枠連,6-8,400円
2023152,馬連,6-9,"1,350円"
2023152,馬単,9-6,"2,810円"
2023152,ワイド,6-9,480円
2023152,ワイド,3-9,920円
2023152,ワイド,3-6,630円
2023152,3連複,3-6-9,"3,510円"
2023152,3連単,9-6-3,"19,600円"
2023153,単勝,14,860円
2023153,複勝,14,250円
2023153,複勝,6,330円
2023153,複勝,15,140円
2023153,枠連,4-8,380円
2023153,馬連,6-14,"8,190円"
2023153,馬単,14-6,"15,180円"
2023153,ワイド,6-14,"2,580円"
2023153,ワイド,14-15,520円
2023153,ワイド,6-15,"1,010円"
2023153,3連複,6-14-15,"6,440円"
2023153,3連単,14-6-15,"65,380円"
2023154,単勝,12,140円
2023154,複勝,12,110円
2023154,複勝,8,110円
2023154,複勝,3,350円
2023154,枠連,6-8,150円
2023154,馬連,8-12,170円
2023154,馬単,12-8,240円
2023154,ワイド,8-12,130円
2023154,ワイド,3-12,640円
2023154,ワイド,3-8,850円
2023154,3連複,3-8-12,"1,180円"
2023154,3連単,12-8-3,"2,510円"
2023155,単勝,10,"3,130円"
2023155,複勝,10,890円
2023155,複勝,1,220円
2023155,複勝,9,930円
2023155,枠連,1-5,"3,230円"
2023155,馬連,1-10,"6,860円"
2023155,馬単,10-1,"18,370円"
2023155,ワイド,1-10,"2,130円"
2023155,ワイド,9-10,"14,270円"
2023155,ワイド,1-9,"2,810円"
2023155,3連複,1-9-10,"84,970円"
2023155,3連単,10-1-9,"526,580円"
2023156,単勝,5,640円
2023156,複勝,5,280円
2023156,複勝,15,"1,420円"
2023156,複勝,14,510円
2023156,枠連,3-8,"1,640円"
2023156,馬連,5-15,"21,010円"
2023156,馬単,5-15,"35,740円"
2023156,ワイド,5-15,"6,650円"
2023156,ワイド,5-14,"1,480円"
2023156,ワイド,14-15,"9,510円"
2023156,3連複,5-14-15,"99,110円"
2023156,3連単,5-15-14,"443,940円"
2023157,単勝,8,410円
2023157,複勝,8,150円
2023157,複勝,5,250円
2023157,複勝,1,130円
2023157,枠連,5-6,650円
2023157,馬連,5-8,"1,940円"
2023157,馬単,8-5,"3,610円"
2023157,ワイド,5-8,600円
2023157,ワイド,1-8,310円
2023157,ワイド,1-5,800円
2023157,3連複,1-5-8,"2,480円"
2023157,3連単,8-5-1,"13,800円"
2023158,単勝,5,"4,130円"
2023158,複勝,5,"1,030円"
2023158,複勝,9,340円
2023158,複勝,12,520円
2023158,枠連,3-5,"8,110円"
2023158,馬連,5-9,"15,610円"
2023158,馬単,5-9,"42,030円"
2023158,ワイド,5-9,"4,950円"
2023158,ワイド,5-12,"9,680円"
2023158,ワイド,9-12,"3,120円"
2023158,3連複,5-9-12,"104,020円"
2023158,3連単,5-9-12,"592,880円"
2023159,単勝,9,390円
2023159,複勝,9,150円
2023159,複勝,13,130円
2023159,複勝,16,200円
2023159,枠連,5-7,610円
2023159,馬連,9-13,780円
2023159,馬単,9-13,"1,450円"
2023159,ワイド,9-13,310円
2023159,ワイド,9-16,750円
2023159,ワイド,13-16,540円
2023159,3連複,9-13-16,"2,230円"
2023159,3連単,9-13-16,"8,960円"
2023160,単勝,16,170円
2023160,複勝,16,110円
2023160,複勝,9,210円
2023160,複勝,15,160円
2023160,枠連,5-8,690円
2023160,馬連,9-16,930円
2023160,馬単,16-9,"1,280円"
2023160,ワイド,9-16,380円
2023160,ワイド,15-16,310円
2023160,ワイド,9-15,810円
2023160,3連複,9-15-16,"1,490円"
2023160,3連単,16-9-15,"6,260円"
2023161,単勝,4,180円
2023161,複勝,4,110円
2023161,複勝,15,150円
2023161,複勝,12,170円
2023161,枠連,2-8,580円
2023161,馬連,4-15,610円
2023161,馬単,4-15,750円
2023161,ワイド,4-15,230円
2023161,ワイド,4-12,280円
2023161,ワイド,12-15,510円
2023161,3連複,4-12-15,"1,160円"
2023161,3連単,4-15-12,"3,510円"
2023162,単勝,3,"2,860円"
2023162,複勝,3,620円
2023162,複勝,5,500円
2023162,複勝,2,330円
2023162,枠連,2-3,"11,660円"
2023162,馬連,3-5,"15,030円"
2023162,馬単,3-5,"34,010円"
2023162,ワイド,3-5,"4,140円"
2023162,ワイド,2-3,"2,260円"
2023162,ワイド,2-5,"1,900円"
2023162,3連複,2-3-5,"25,460円"
2023162,3連単,3-5-2,"232,620円"
2023163,単勝,18,"1,610円"
2023163,複勝,18,360円
2023163,複勝,6,"1,050円"
2023163,複勝,4,160円
2023163,枠連,3-8,"6,200円"
2023163,馬連,6-18,"35,500円"
2023163,馬単,18-6,"86,420円"
2023163,ワイド,6-18,"7,710円"
2023163,ワイド,4-18,840円
2023163,ワイド,4-6,"2,690円"
2023163,3連複,4-6-18,"31,660円"
2023163,3連単,18-6-4,"317,350円"
2023164,単勝,7,150円
2023164,複勝,7,110円
2023164,複勝,4,170円
2023164,複勝,2,630円
2023164,枠連,2-4,340円
2023164,馬連,4-7,540円
2023164,馬単,7-4,740円
2023164,ワイド,4-7,270円
2023164,ワイド,2-7,"1,350円"
2023164,ワイド,2-4,"4,990円"
2023164,3連複,2-4-7,"9,490円"
2023164,3連単,7-4-2,"22,960円"
2023165,単勝,2,360円
2023165,複勝,2,150円
2023165,複勝,11,170円
2023165,複勝,14,330円
2023165,枠連,1-6,820円
2023165,馬連,2-11,790円
2023165,馬単,2-11,"1,510円"
2023165,ワイド,2-11,350円
2023165,ワイド,2-14,930円
2023165,ワイド,11-14,"1,180円"
2023165,3連複,2-11-14,"4,200円"
2023165,3連単,2-11-14,"16,620円"
2023166,単勝,16,"2,680円"
2023166,複勝,16,"1,100円"
2023166,複勝,11,290円
2023166,複勝,4,360円
2023166,枠連,6-8,"4,450円"
2023166,馬連,11-16,"4,700円"
2023166,馬単,16-11,"13,020円"
2023166,ワイド,11-16,"1,170円"
2023166,ワイド,4-16,"1,840円"
2023166,ワイド,4-11,460円
2023166,3連複,4-11-16,"7,780円"
2023166,3連単,16-11-4,"79,440円"
2023167,単勝,6,"2,650円"
2023167,複勝,6,510円
2023167,複勝,4,180円
2023167,複勝,7,230円
2023167,枠連,4-6,"7,390円"
2023167,馬連,4-6,"6,030円"
2023167,馬単,6-4,"16,730円"
2023167,ワイド,4-6,"1,800円"
2023167,ワイド,6-7,"3,180円"
2023167,ワイド,4-7,740円
2023167,3連複,4-6-7,"13,450円"
2023167,3連単,6-4-7,"124,580円"
2023168,単勝,1,440円
2023168,複勝,1,150円
2023168,複勝,10,320円
2023168,複勝,5,130円
2023168,枠連,1-5,"1,370円"
2023168,馬連,1-10,"3,480円"
2023168,馬単,1-10,"5,030円"
2023168,ワイド,1-10,"1,140円"
2023168,ワイド,1-5,270円
2023168,ワイド,5-10,820円
2023168,3連複,1-5-10,"2,640円"
2023168,3連単,1-10-5,"19,420円"
2023169,単勝,4,370円
2023169,複勝,4,160円
2023169,複勝,5,"1,140円"
2023169,複勝,2,150円
2023169,枠連,2-3,"4,640円"
2023169,馬連,4-5,"18,950円"
2023169,馬単,4-5,"26,040円"
2023169,ワイド,4-5,"4,700円"
2023169,ワイド,2-4,290円
2023169,ワイド,2-5,"4,390円"
2023169,3連複,2-4-5,"17,300円"
2023169,3連単,4-5-2,"121,000円"
2023170,単勝,8,580円
2023170,複勝,8,220円
2023170,複勝,6,210円
2023170,複勝,5,240円
2023170,枠連,5-6,"1,030円"
2023170,馬連,6-8,"1,910円"
2023170,馬単,8-6,"3,640円"
2023170,ワイド,6-8,760円
2023170,ワイド,5-8,"1,000円"
2023170,ワイド,5-6,"1,020円"
2023170,3連複,5-6-8,"5,440円"
2023170,3連単,8-6-5,"26,080円"
2023171,単勝,12,190円
2023171,複勝,12,120円
2023171,複勝,11,"1,050円"
2023171,複勝,3,370円
2023171,枠連,6-6,"5,490円"
2023171,馬連,11-12,"6,960円"
2023171,馬単,12-11,"8,690円"
2023171,ワイド,11-12,"2,690円"
2023171,ワイド,3-12,680円
2023171,ワイド,3-11,"6,860円"
2023171,3連複,3-11-12,"18,540円"
2023171,3連単,12-11-3,"80,650円"
2023172,単勝,8,"13,610円"
2023172,複勝,8,"1,780円"
2023172,複勝,5,150円
2023172,複勝,7,110円
2023172,枠連,3-4,400円
2023172,馬連,5-8,"59,500円"
2023172,馬単,8-5,"163,640円"
2023172,ワイド,5-8,"9,960円"
2023172,ワイド,7-8,"3,350円"
2023172,ワイド,5-7,240円
2023172,3連複,5-7-8,"19,880円"
2023172,3連単,8-5-7,"431,210円"
2023173,単勝,16,710円
2023173,複勝,16,180円
2023173,複勝,7,140円
2023173,複勝,13,110円
2023173,枠連,4-8,"1,140円"
2023173,馬連,7-16,"1,510円"
2023173,馬単,16-7,"3,130円"
2023173,ワイド,7-16,360円
2023173,ワイド,13-16,330円
2023173,ワイド,7-13,200円
2023173,3連複,7-13-16,990円
2023173,3連単,16-7-13,"7,500円"
2023174,単勝,4,"7,920円"
2023174,複勝,4,"1,190円"
2023174,複勝,3,250円
2023174,複勝,6,810円
2023174,枠連,2-2,"15,850円"
2023174,馬連,3-4,"18,240円"
2023174,馬単,4-3,"48,500円"
2023174,ワイド,3-4,"4,850円"
2023174,ワイド,4-6,"9,560円"
2023174,ワイド,3-6,"3,070円"
2023174,3連複,3-4-6,"110,380円"
2023174,3連単,4-3-6,"900,430円"
2023175,単勝,14,210円
2023175,複勝,14,110円
2023175,複勝,15,120円
2023175,複勝,2,270円
2023175,枠連,7-8,210円
2023175,馬連,14-15,220円
2023175,馬単,14-15,420円
2023175,ワイド,14-15,150円
2023175,ワイド,2-14,760円
2023175,ワイド,2-15,660円
2023175,3連複,2-14-15,"1,240円"
2023175,3連単,14-15-2,"3,380円"
2023176,単勝,4,320円
2023176,複勝,4,150円
2023176,複勝,10,160円
2023176,複勝,12,270円
2023176,枠連,4-7,550円
2023176,馬連,4-10,610円
2023176,馬単,4-10,"1,310円"
2023176,ワイド,4-10,280円
2023176,ワイド,4-12,750円
2023176,ワイド,10-12,510円
2023176,3連複,4-10-12,"1,680円"
2023176,3連単,4-10-12,"7,060円"
2023177,単勝,3,410円
2023177,複勝,3,180円
2023177,複勝,4,140円
2023177,複勝,16,"1,230円"
2023177,枠連,2-2,760円
2023177,馬連,3-4,680円
2023177,馬単,3-4,"1,480円"
2023177,ワイド,3-4,310円
2023177,ワイド,3-16,"3,840円"
2023177,ワイド,4-16,"2,510円"
2023177,3連複,3-4-16,"10,900円"
2023177,3連単,3-4-16,"53,620円"
2023178,単勝,10,"1,620円"
2023178,複勝,10,250円
2023178,複勝,2,130円
2023178,複勝,5,110円
2023178,枠連,2-8,"2,010円"
2023178,馬連,2-10,"2,070円"
2023178,馬単,10-2,"6,510円"
2023178,ワイド,2-10,610円
2023178,ワイド,5-10,500円
2023178,ワイド,2-5,190円
2023178,3連複,2-5-10,"1,460円"
2023178,3連単,10-2-5,"16,010円"
2023179,単勝,3,210円
2023179,複勝,3,120円
2023179,複勝,11,930円
2023179,複勝,12,760円
2023179,枠連,3-7,"1,980円"
2023179,馬連,3-11,"4,260円"
2023179,馬単,3-11,"5,280円"
2023179,ワイド,3-11,"1,380円"
2023179,ワイド,3-12,"1,740円"
2023179,ワイド,11-12,"8,160円"
2023179,3連複,3-11-12,"29,180円"
2023179,3連単,3-11-12,"111,400円"
2023180,単勝,10,180円
2023180,複勝,10,110円
2023180,複勝,5,460円
2023180,複勝,1,330円
2023180,枠連,4-6,850円
2023180,馬連,5-10,"2,270円"
2023180,馬単,10-5,"3,530円"
2023180,ワイド,5-10,930円
2023180,ワイド,1-10,640円
2023180,ワイド,1-5,"2,880円"
2023180,3連複,1-5-10,"7,240円"
2023180,3連単,10-5-1,"25,650円"
2023181,単勝,7,220円
2023181,複勝,7,130円
2023181,複勝,15,230円
2023181,複勝,6,260円
2023181,枠連,4-8,"1,140円"
2023181,馬連,7-15,970円
2023181,馬単,7-15,"1,420円"
2023181,ワイド,7-15,450円
2023181,ワイド,6-7,470円
2023181,ワイド,6-15,"1,180円"
2023181,3連複,6-7-15,"2,630円"
2023181,3連単,7-15-6,"7,700円"
2023182,単勝,15,330円
2023182,複勝,15,130円
2023182,複勝,13,140円
2023182,複勝,8,110円
2023182,枠連,7-8,660円
2023182,馬連,13-15,700円
2023182,馬単,15-13,"1,200円"
2023182,ワイド,13-15,240円
2023182,ワイド,8-15,200円
2023182,ワイド,8-13,270円
2023182,3連複,8-13-15,580円
2023182,3連単,15-13-8,"3,480円"
2023183,単勝,7,160円
2023183,複勝,7,110円
2023183,複勝,13,110円
2023183,複勝,1,200円
2023183,枠連,4-7,200円
2023183,馬連,7-13,220円
2023183,馬単,7-13,290円
2023183,ワイド,7-13,140円
2023183,ワイド,1-7,440円
2023183,ワイド,1-13,640円
2023183,3連複,1-7-13,"1,020円"
2023183,3連単,7-13-1,"2,050円"
2023184,単勝,6,630円
2023184,複勝,6,170円
2023184,複勝,8,140円
2023184,複勝,13,240円
2023184,枠連,3-4,530円
2023184,馬連,6-8,690円
2023184,馬単,6-8,"1,830円"
2023184,ワイド,6-8,320円
2023184,ワイド,6-13,770円
2023184,ワイド,8-13,650円
2023184,3連複,6-8-13,"2,530円"
2023184,3連単,6-8-13,"16,220円"
2023185,単勝,16,360円
2023185,複勝,16,330円
2023185,複勝,15,370円
2023185,複勝,9,"1,140円"
2023185,枠連,8-8,"1,030円"
2023185,馬連,15-16,"1,270円"
2023185,馬単,16-15,"2,110円"
2023185,ワイド,15-16,550円
2023185,ワイド,9-16,"1,640円"
2023185,ワイド,9-15,"1,770円"
2023185,3連複,9-15-16,"9,020円"
2023185,3連単,16-15-9,"27,130円"
2023186,単勝,7,"1,350円"
2023186,複勝,7,530円
2023186,複勝,1,190円
2023186,複勝,9,450円
2023186,枠連,1-4,"1,620円"
2023186,馬連,1-7,"3,940円"
2023186,馬単,7-1,"8,320円"
2023186,ワイド,1-7,"1,340円"
2023186,ワイド,7-9,"2,360円"
2023186,ワイド,1-9,870円
2023186,3連複,1-7-9,"13,990円"
2023186,3連単,7-1-9,"78,530円"
2023187,単勝,8,"2,890円"
2023187,複勝,8,840円
2023187,複勝,5,700円
2023187,複勝,1,240円
2023187,枠連,3-4,"13,900円"
2023187,馬連,5-8,"33,610円"
2023187,馬単,8-5,"65,420円"
2023187,ワイド,5-8,"8,300円"
2023187,ワイド,1-8,"2,440円"
2023187,ワイド,1-5,"1,870円"
2023187,3連複,1-5-8,"55,080円"
2023187,3連単,8-5-1,"426,480円"
2023188,単勝,17,"1,460円"
2023188,複勝,17,500円
2023188,複勝,14,380円
2023188,複勝,9,250円
2023188,枠連,7-8,"2,510円"
2023188,馬連,14-17,"13,000円"
2023188,馬単,17-14,"22,370円"
2023188,ワイド,14-17,"3,860円"
2023188,ワイド,9-17,"2,040円"
2023188,ワイド,9-14,"1,320円"
2023188,3連複,9-14-17,"28,890円"
2023188,3連単,17-14-9,"165,130円"
2023189,単勝,7,660円
2023189,複勝,7,240円
2023189,複勝,10,230円
2023189,複勝,9,"1,030円"
2023189,枠連,6-7,"1,620円"
2023189,馬連,7-10,"3,440円"
2023189,馬単,7-10,"5,690円"
2023189,ワイド,7-10,"1,090円"
2023189,ワイド,7-9,"10,570円"
2023189,ワイド,9-10,"4,860円"
2023189,3連複,7-9-10,"75,300円"
2023189,3連単,7-10-9,"342,740円"
2023190,単勝,4,370円
2023190,複勝,4,190円
2023190,複勝,10,620円
2023190,複勝,1,270円
2023190,枠連,2-5,840円
2023190,馬連,4-10,"4,830円"
2023190,馬単,4-10,"7,790円"
2023190,ワイド,4-10,"2,050円"
2023190,ワイド,1-4,910円
2023190,ワイド,1-10,"2,990円"
2023190,3連複,1-4-10,"13,560円"
2023190,3連単,4-10-1,"60,300円"
2023191,単勝,7,200円
2023191,複勝,7,110円
2023191,複勝,6,140円
2023191,複勝,5,110円
2023191,馬連,6-7,590円
2023191,馬単,7-6,890円
2023191,ワイド,6-7,220円
2023191,ワイド,5-7,150円
2023191,ワイド,5-6,280円
2023191,3連複,5-6-7,440円
2023191,3連単,7-6-5,"1,880円"
2023192,単勝,5,500円
2023192,複勝,5,180円
2023192,複勝,1,110円
2023192,複勝,8,330円
2023192,枠連,1-5,440円
2023192,馬連,1-5,440円
2023192,馬単,5-1,"1,090円"
2023192,ワイド,1-5,230円
2023192,ワイド,5-8,870円
2023192,ワイド,1-8,360円
2023192,3連複,1-5-8,"1,680円"
2023192,3連単,5-1-8,"8,110円"
2023193,単勝,4,200円
2023193,複勝,4,120円
2023193,複勝,9,440円
2023193,複勝,7,230円
2023193,枠連,2-5,"1,000円"
2023193,馬連,4-9,"2,520円"
2023193,馬単,4-9,"3,430円"
2023193,ワイド,4-9,880円
2023193,ワイド,4-7,460円
2023193,ワイド,7-9,"2,420円"
2023193,3連複,4-7-9,"6,480円"
2023193,3連単,4-9-7,"26,020円"
2023194,単勝,6,260円
2023194,複勝,6,110円
2023194,複勝,8,130円
2023194,複勝,5,120円
2023194,枠連,4-5,270円
2023194,馬連,6-8,430円
2023194,馬単,6-8,700円
2023194,ワイド,6-8,190円
2023194,ワイド,5-6,180円
2023194,ワイド,5-8,220円
2023194,3連複,5-6-8,370円
2023194,3連単,6-8-5,"1,580円"
2023195,単勝,12,260円
2023195,複勝,12,110円
2023195,複勝,5,140円
2023195,複勝,4,110円
2023195,枠連,3-6,620円
2023195,馬連,5-12,730円
2023195,馬単,12-5,"1,150円"
2023195,ワイド,5-12,280円
2023195,ワイド,4-12,170円
2023195,ワイド,4-5,310円
2023195,3連複,4-5-12,650円
2023195,3連単,12-5-4,"2,700円"
2023196,単勝,4,110円
2023196,複勝,4,100円
2023196,複勝,9,190円
2023196,複勝,11,310円
2023196,枠連,2-5,310円
2023196,馬連,4-9,550円
2023196,馬単,4-9,600円
2023196,ワイド,4-9,280円
2023196,ワイド,4-11,540円
2023196,ワイド,9-11,"2,230円"
2023196,3連複,4-9-11,"2,910円"
2023196,3連単,4-9-11,"5,750円"
2023197,単勝,15,190円
2023197,複勝,15,110円
2023197,複勝,14,120円
2023197,複勝,3,160円
2023197,枠連,7-8,290円
2023197,馬連,14-15,290円
2023197,馬単,15-14,440円
2023197,ワイド,14-15,150円
2023197,ワイド,3-15,230円
2023197,ワイド,3-14,360円
2023197,3連複,3-14-15,520円
2023197,3連単,15-14-3,"1,770円"
2023198,単勝,11,440円
2023198,複勝,11,180円
2023198,複勝,8,260円
2023198,複勝,12,540円
2023198,枠連,4-6,"1,080円"
2023198,馬連,8-11,"1,270円"
2023198,馬単,11-8,"2,390円"
2023198,ワイド,8-11,500円
2023198,ワイド,11-12,"1,170円"
2023198,ワイド,8-12,"1,950円"
2023198,3連複,8-11-12,"7,510円"
2023198,3連単,11-8-12,"28,930円"
2023199,単勝,4,"1,180円"
2023199,複勝,4,330円
2023199,複勝,2,190円
2023199,複勝,14,300円
2023199,枠連,1-2,630円
2023199,馬連,2-4,"4,310円"
2023199,馬単,4-2,"8,800円"
2023199,ワイド,2-4,"1,480円"
2023199,ワイド,4-14,"1,900円"
2023199,ワイド,2-14,"1,100円"
2023199,3連複,2-4-14,"13,410円"
2023199,3連単,4-2-14,"76,390円"
2023200,単勝,3,640円
2023200,複勝,3,180円
2023200,複勝,14,120円
2023200,複勝,9,190円
2023200,枠連,2-8,760円
2023200,馬連,3-14,890円
2023200,馬単,3-14,"2,090円"
2023200,ワイド,3-14,360円
2023200,ワイド,3-9,580円
2023200,ワイド,9-14,370円
2023200,3連複,3-9-14,"1,930円"
2023200,3連単,3-14-9,"11,550円"
